Email,First name,Last name,Status,Organisation name,Organisation type,Organisation address line 1,Line 2,Line3,Town or city,Postcode,County,Address Type,Company registration number,Phone number
ewan+1@hiveit.co.uk,Ewan,Cormack,INACTIVE,HIVE IT LIMITED,Business,"Electric Works, Sheffield Digital Campus",Concourse Way,,Sheffield,S1 2BJ,,REGISTERED,,
ewan+2@hiveit.co.uk,Ewan,Cormack,INACTIVE,HIVE LIMITED,Business,46 Butterton Road,Rhyl,,Denbighshire,LL18 1RF,,REGISTERED,,
ewan+12@hiveit.co.uk,Ewan,Cormack,INACTIVE,HIVE 1 LTD,Business,Ground Floor,"Elizabeth House, 54/58 High Street",,Edgware,HA8 7EJ,Middlesex,REGISTERED,,
test1@test.test,test,one,ACTIVE,The Best Juggling Company,Business,1,Juggle Street,,Bath,BA1 5LR,Bath,REGISTERED,,
test2@test.test,test,two,ACTIVE,Juggle Ltd,Business,2,Juggle Road,,Bristol,BS1 5LR,Bristol,REGISTERED,,
test3@test.test,test,three,ACTIVE,Jugglez Ltd,Business,3,Juggle Avenue,,Cardiff,CF1 5LR,Cardiff,REGISTERED,,
test4@test.test,test,four,ACTIVE,Juggling Balls Ltd,Business,4,Juggle Crescent,,Norwich,NW1 5LR,Norwich,REGISTERED,,
test5@test.test,test,five,ACTIVE,Infinite Juggling Ltd,Business,5,Juggle Way,,London,E1 5LR,London,REGISTERED,,
test6@test.test,test,six,ACTIVE,Everyday Im Juggling Ltd,Business,6,Juggle Close,,Sheffield,LS1 5LR,Sheffield,REGISTERED,,
test7@test.test,test,seven,ACTIVE,Mo Juggling Mo Problems Ltd,Business,7,Juggle Grove,,Leeds,LS2 5LR,Leeds,REGISTERED,,
worth.email.test+fundsuccess@gmail.com,test,ten,ACTIVE,Empire Ltd,Business,1,Empire Road,\N,Sheffield,S1 2ED,South Yorkshire,REGISTERED,60674010,
worth.email.test.two+fundfailure@gmail.com,test,eleven,ACTIVE,The Best Cheese Company,Business,2 Cheese Road,,,Bath,BA1 5LR,Avon,REGISTERED,,
test12@test.test,test,twelve,ACTIVE,We Do Cheese,Business,3 Cheese Lane,,,Bath,BA1 5LR,Avon,REGISTERED,,
test13@test.test,test,thirteen,ACTIVE,Cheesemongers Associates,Business,4 Cheese Avenue,,,Bath,BA1 5LR,Avon,REGISTERED,,
test14@test.test,test,fourteen,ACTIVE,Cheddar Is Best Ltd,Business,5 Cheese Way,,,Bath,BA1 5LR,Avon,REGISTERED,,
test15@test.test,test,fifteen,ACTIVE,Electric Sounds Ltd,Business,1,Theremin Road,\N,Bath,BA1 5LR,Avon,REGISTERED,,
test16@test.test,test,sixteen,ACTIVE,Radiowaves Ltd,Business,1,Theremin Avenue,\N,Bristol,BA1 5LR,Avon,REGISTERED,,
test17@test.test,test,seventeen,ACTIVE,Theremins Rock Ltd,Business,1,Theremin Street,\N,Cardiff,BA1 5LR,Avon,REGISTERED,,
test18@test.test,test,eighteen,ACTIVE,Epic Riffs Ltd,Business,1,Rock Street,\N,Bath,BA1 5LR,Avon,REGISTERED,,
test19@test.test,test,nineteen,ACTIVE,Insane Drumming Ltd,Business,1,Metal Street,\N,Bath,BA1 5LR,Avon,REGISTERED,,
worth.email.test+projectlead@gmail.com,test,twenty,ACTIVE,Vitruvius Stonework Limited,Business,1,Riff Street,\N,Bath,BA1 5LR,Avon,REGISTERED,,
test21@test.test,test,twentyone,ACTIVE,Guitar Gods Ltd,Business,1,Groove Street,\N,Bath,BA1 5LR,Avon,REGISTERED,,
test22@test.test,test,twentytwo,ACTIVE,Guitar Gods Ltd,Business,1,Groove Street,\N,Bath,BA1 5LR,Avon,REGISTERED,,
test23@test.test,test,twentythree,ACTIVE,Big Riffs And Insane Solos Ltd,Business,1,Shred Street,\N,Bath,BA1 5LR,Avon,REGISTERED,,
test24@test.test,test,twentyfour,ACTIVE,Big Riffs And Insane Solos Ltd,Business,1,Shred Street,\N,Bath,BA1 5LR,Avon,REGISTERED,,
test27@test.test,test,twentyseven,ACTIVE,Listen To Metal Ltd,Business,1,Solo Road,\N,Bath,BA1 5LR,Avon,REGISTERED,,
test28@test.test,test,twentyeight,ACTIVE,Listen To Metal Ltd,Business,1,Solo Road,\N,Bath,BA1 5LR,Avon,REGISTERED,,
test8@test.test,test,eight,ACTIVE,University of Bath,University (HEI),Claverton Down Road,,,Bath,BA2 7AY,Somerset,OPERATING,,
test9@test.test,test,nine,ACTIVE,Cardiff University,University (HEI),Cardiff University,,,Cardiff,CF10 3XQ,South Glamorgan,OPERATING,,
test25@test.test,test,twentyfive,ACTIVE,Aberystwyth University,University (HEI),Penglais Campus,,,Aberystwyth,SY23 3FL,,OPERATING,,
test26@test.test,test,twentysix,ACTIVE,Aberystwyth University,University (HEI),Penglais Campus,,,Aberystwyth,SY23 3FL,,OPERATING,,
steve.smith@empire.com,Steve,Smith,ACTIVE,Empire Ltd,Business,1,Empire Road,\N,Sheffield,S1 2ED,South Yorkshire,REGISTERED,60674010,
jessica.doe@ludlow.co.uk,Jessica,Doe,ACTIVE,Ludlow,Business,\N,\N,\N,\N,\N,\N,\N,,
pete.tom@egg.com,Pete,Tom,ACTIVE,EGGS,University (HEI),\N,\N,\N,\N,\N,\N,\N,,
worth.email.test+changepsw@gmail.com,Elmo,Chenault,ACTIVE,Empire Ltd,Business,1,Empire Road,\N,Sheffield,S1 2ED,South Yorkshire,REGISTERED,60674010,7789123456
worth.email.test+submit@gmail.com,Malik,Strandberg,ACTIVE,Empire Ltd,Business,1,Empire Road,\N,Sheffield,S1 2ED,South Yorkshire,REGISTERED,60674010,
