Email,First name,Last name,Status,Organisation name,Phone number
ewan+1@hiveit.co.uk,Ewan,Cormack,INACTIVE,HIVE IT LIMITED,36267829240
ewan+2@hiveit.co.uk,Ewan,Cormack,INACTIVE,HIVE LIMITED,62742077009
ewan+12@hiveit.co.uk,Ewan,Cormack,INACTIVE,HIVE 1 LTD,33259423249
ernest.austin@example.com,Ernest,Austin,ACTIVE,The Best Juggling Company,53633028323
shawn.ward@example.com,Shawn,Ward,ACTIVE,Juggle Ltd,30988333631
paula.fuller@example.com,Paula,Fuller,ACTIVE,Jugglez Ltd,89393352669
antonio.lee@example.com,Antonio,Lee,ACTIVE,Juggling Balls Ltd,9057991044
jane.jones@example.com,Jane,Jones,ACTIVE,Infinite Juggling Ltd,60946419307
todd.thompson@example.com,Todd,Thompson,ACTIVE,Everyday Im Juggling Ltd,5434352007
lisa.fox@example.com,Lisa,Fox,ACTIVE,Mo Juggling Mo Problems Ltd,9988851651
worth.email.test+fundsuccess@gmail.com,Sarah,Peacock,ACTIVE,Empire Ltd,74373688727
worth.email.test.two+fundfailure@gmail.com,Kevin,Jenkins,ACTIVE,The Best Cheese Company,93829776687
pamela.green@example.com,Pamela,Green,ACTIVE,We Do Cheese,49983096778
nancy.james@example.com,Nancy,James,ACTIVE,Cheesemongers Associates,8361814579
raymond.freeman@example.com,Raymond,Freeman,ACTIVE,Cheddar Is Best Ltd,52801356978
worth.email.test.two+releasefeedback@gmail.com,Jerry,Turner,ACTIVE,Electric Sounds Ltd,57079575523
jesse.edwards@example.com,Jesse,Edwards,ACTIVE,Radiowaves Ltd,84821822178
james.lewis@example.com,James,Lewis,ACTIVE,Theremins Rock Ltd,65028241862
justin.bryant@example.com,Justin,Bryant,ACTIVE,Epic Riffs Ltd,85096081556
laura.jackson@example.com,Laura,Jackson,ACTIVE,Insane Drumming Ltd,37357175820
worth.email.test+projectlead@gmail.com,Frederick,Harper,ACTIVE,Vitruvius Stonework Limited,29570229411
jerry.mcdonald@example.com,Jerry,Mcdonald,ACTIVE,Guitar Gods Ltd,44665729130
aaron.powell@example.com,Aaron,Powell,ACTIVE,Guitar Gods Ltd,54040672156
louis.morgan@example.com,Louis,Morgan,ACTIVE,Big Riffs And Insane Solos Ltd,18767744439
janet.howard@example.com,Janet,Howard,ACTIVE,Big Riffs And Insane Solos Ltd,14811628136
howard.white@example.com,Howard,White,ACTIVE,Listen To Metal Ltd,70387075571
wayne.cooper@example.com,Wayne,Cooper,ACTIVE,Listen To Metal Ltd,17342796436
heather.ross@example.com,Heather,Ross,ACTIVE,University of Bath,97460769180
carolyn.reed@example.com,Carolyn,Reed,ACTIVE,Cardiff University,86256091316
roy.wheeler@example.com,Roy,Wheeler,ACTIVE,Aberystwyth University,62314128120
deborah.moore@example.com,Deborah,Moore,ACTIVE,Aberystwyth University,701037174
steve.smith@empire.com,Steve,Smith,ACTIVE,Empire Ltd,46439359578
jessica.doe@ludlow.co.uk,Jessica,Doe,ACTIVE,Ludlow,15247172589
pete.tom@egg.com,Pete,Tom,ACTIVE,EGGS,81877706440
worth.email.test+changepsw@gmail.com,Gemma,Noble,ACTIVE,Empire Ltd,7789123456
worth.email.test+submit@gmail.com,Malik,Strandberg,ACTIVE,Empire Ltd,40847454271
worth.email.test+projectsetuppm@gmail.com,Elmo,Chenault,ACTIVE,Empire Ltd,7789123456
worth.email.test+ineligible@gmail.com,Ian,Eligible,ACTIVE,Empire Ltd,7789123456
steven.hicks@ntag.example.com,Steven,Hicks,ACTIVE,Ntag,1457608110
jo.peters@ntag.example.com,Josephine,Peters,ACTIVE,Ntag,2932378426
robert.perez@jetpulse.example.com,Robert,Perez,ACTIVE,Jetpulse,19860020229
bruce.perez@wikivu.example.com,Bruce,Perez,ACTIVE,Wikivu,78711159716
diane.scott@vitruvius.example.com,Diane,Scott,ACTIVE,Vitruvius Stonework Limited,49692921151
ryan.welch@abcad.example.com,Ryan,Welch,ACTIVE,A B Cad Services,18218387306
sara.armstrong@armstrong.example.com,Sara,Armstrong,ACTIVE,Armstrong & Butler Ltd,31378909202
phillip.ramos@katz.example.com,Phillip,Ramos,ACTIVE,Katz,22442431477
kimberly.fowler@meembee.example.com,Kimberly,Fowler,ACTIVE,Meembee,56161876886
craig.ortiz@zooveo.example.com,Craig,Ortiz,ACTIVE,Zooveo,33196860262
ralph.young@ooba.example.com,Ralph,Young,ACTIVE,Ooba,42456831830
tina.taylor@wordpedia.example.com,Tina,Taylor,ACTIVE,Wordpedia,42370362220
antonio.jenkins@jabbertype.example.com,Antonio,Jenkins,ACTIVE,Jabbertype,27907559457
worth.email.test+amy@gmail.com,Amy,Ortiz,ACTIVE,Gabtype,53522165226
worth.email.test+karen@gmail.com,Karen,Ramos,ACTIVE,Kazio,53798801743
worth.email.test+juan@gmail.com,Juan,Campbell,ACTIVE,Cogilith,65147370278
peter.styles@load.example.com,Peter,Styles,ACTIVE,Abbydale Optics,65147370101
jessica.mason@load.example.com,Jessica,Mason,ACTIVE,Quantum Electronics,65147370102
malcom.jones@load.example.com,Malcom,Jones,ACTIVE,Floating Point,65147370103
bethany.timpson@load.example.com,Bethany,Timpson,ACTIVE,Express Coordinates,65147370104
derik.arnold@load.example.com,Derik,Arnold,ACTIVE,Enterprise Engineering,65147370105
sarah.james@load.example.com,Sarah,James,ACTIVE,Solid State Machines,65147370106
richard.williams@load.example.com,Richard,Williams,ACTIVE,Universal Registry,65147370107
karen.smith@load.example.com,Karen,Smith,ACTIVE,Adaptive Optics,65147370108
simon.lightfoot@load.example.com,Simon,Lightfoot,ACTIVE,Liquid Dynamics,65147370109
mary.evans@load.example.com,Mary,Evans,ACTIVE,Piezo Electrics,65147370110
mike.ericsson@load.example.com,Mike,Ericsson,ACTIVE,Thermal Designs,65147370111
helen.rhodes@load.example.com,Helen,Rhodes,ACTIVE,Active Liquids,65147370112
david.wellington@load.example.com,David,Wellington,ACTIVE,Engine Equations,65147370113
felicity.jefferies@load.example.com,Felicity,Jefferies,ACTIVE,Relativistic Solutions,65147370114
worth.email.test+marian@gmail.com,Marian,Stokes,ACTIVE,Gabtype,65147370115
worth.email.test+dustin@gmail.com,Dustin,Paul,ACTIVE,Kazio,65147370116
worth.email.test+elaine@gmail.com,Elaine,Sharp,ACTIVE,Cogilith,65147370117
michelle.bush@ooba.example.com,Michelle,Bush,ACTIVE,Ooba,65147370118
jeremy.jensen@wordpedia.example.com,Jeremy,Jensen,ACTIVE,Wordpedia,65147370119
myrtle.barton@jabbertype.example.com,Mrytle,Barton,ACTIVE,Jabbertype,65147370120
theo.simpson@katz.example.com,Theo,Simpson,ACTIVE,Katz,65147370121
holly.pratt@meembee.example.com,Holly,Pratt,ACTIVE,Meembee,65147370122
matt.hughes@zooveo.example.com,Matt,Hughes,ACTIVE,Zooveo,65147370123
lewis.poole@vitruvius.example.com,Lewis,Poole,ACTIVE,Vitruvius Stonework Limited,65147370124
phil.mcguire@abcad.example.com,Phil,Mcguire,ACTIVE,A B Cad Services,65147370125
darren.richards@armstrong.example.com,Darren,Richards,ACTIVE,Armstrong & Butler Ltd,65147370126
brittany.gibbs@ntag.example.com,Brittany,Gibbs,ACTIVE,Ntag,65147370127
gene.bowman@jetpulse.example.com,Gene,Bowman,ACTIVE,Jetpulse,65147370128
mark.cobb@wikivu.example.com,Mark,Cobb,ACTIVE,Wikivu,65147370129
kevin.summers@ludlow.co.uk,Kevin,Summers,ACTIVE,Ludlow,65147370130
casey.evans@egg.com,Casey,Evans,ACTIVE,EGGS,65147370131
worth.email.test+ben@gmail.com,Ben,Reese,ACTIVE,Gabtype,65147370132
phil.gross@katz.example.com,Phil,Gross,ACTIVE,Katz,65147370133
worth.email.test+mario@gmail.com,Mario,Blenck,ACTIVE,Empire Ltd,65147370134
aaron.robertson@load.example.com,Aaron,Robertson,ACTIVE,Neural Industries,65147370115
betty.youngs@load.example.com,Betty,Youngs,ACTIVE,Cobalt,65147370116
russell.jenkins@load.example.com,Russell,Jenkins,ACTIVE,ATC Solutions,65147370117
mark.cox@load.example.com,Mark,Cox,ACTIVE,Ocean Haulage,65147370118
gary.delaney@load.example.com,Gary,Delaney,ACTIVE,Ace Architects,65147370119
brian.stewart@example.com,Brian,Stewart,ACTIVE,Green Activity,8457209102
sarah.barclay@example.com,Sarah,Barclay,ACTIVE,Clean Air,7692640912
christopher.sage@example.com,Christopher,Sage,ACTIVE,Forest Universe,1623068831
abby.gallagher@example.com,Abby,Gallagher,ACTIVE,Connected Conveyors,8923466611
irene.jones@example.com,Irene,Jones,ACTIVE,NetWorks,6592655930
nancy.peterson@gmail.com,Nancy,Peterson,ACTIVE,Caneplus,3175737709
christine.harris@gmail.com,Christine,Harris,ACTIVE,Tripplezap,3270118656
richard.collins@gmail.com,Richard,Collins,ACTIVE,Rancone,5973815414
julie.patterson@gmail.com,Julie,Patterson,ACTIVE,Moveis,3556768035
mary.taylor@gmail.com,Mary,Taylor,ACTIVE,Quadware,4197179120
adam.howard@gmail.com,Adam,Howard,ACTIVE,Latline,3191973074
ann.kelly@gmail.com,Ann,Kelly,ACTIVE,Tondrill,7903445165
jean.james@gmail.com,Jean,James,ACTIVE,Gravefan,4911642170
roger.rodriguez@gmail.com,Roger,Rodriguez,ACTIVE,Duoelectronics,9030809533
timothy.turner@gmail.com,Timothy,Turner,ACTIVE,Bigway,3775002174
keith.watson@gmail.com,Keith,Watson,ACTIVE,Qvotechnology,8402655598
mark.diaz@gmail.com,Mark,Diaz,ACTIVE,Hayhigh,4076827089
norma.smith@gmail.com,Norma,Smith,ACTIVE,Siltone,2967194001
margaret.brown@gmail.com,Margaret,Brown,ACTIVE,Inis,7500342204
christine.ward@gmail.com,Christine,Ward,ACTIVE,Tamsancore,4221988187
edward.brooks@gmail.com,Edward,Brooks,ACTIVE,Vaialamdex,5376128196
diane.williams@gmail.com,Diane,Williams,ACTIVE,D-dex,8311929568
rachel.gonzalez@gmail.com,Rachel,Gonzalez,ACTIVE,Saolux,7693366094
todd.alexander@gmail.com,Todd,Alexander,ACTIVE,Singletechi,7330045409
jacqueline.white@gmail.com,Jacqueline,White,ACTIVE,Zunfind,4848514025
sarah.stewart@gmail.com,Sarah,Stewart,ACTIVE,Zootechnology,4389462007
michael.henderson@gmail.com,Michael,Henderson,ACTIVE,Freshway,1756506710
ruth.moore@gmail.com,Ruth,Moore,ACTIVE,Conzois,1835053922
henry.alexander@gmail.com,Henry,Alexander,ACTIVE,Xx-zunla,5180132746
daniel.long@gmail.com,Daniel,Long,ACTIVE,Zuntex,9778822592
maria.lewis@gmail.com,Maria,Lewis,ACTIVE,Duotaxon,6384601231
jose.morris@gmail.com,Jose,Morris,ACTIVE,Joylex,4225807799
robert.jackson@gmail.com,Robert,Jackson,ACTIVE,Ice-zoom,6261351367
brenda.cox@gmail.com,Brenda,Cox,ACTIVE,Villacon,9031471741
sandra.phillips@gmail.com,Sandra,Phillips,ACTIVE,Codeholding,5482872270
annie.cooper@gmail.com,Annie,Cooper,ACTIVE,Trusttech,7839791245
edward.morris@gmail.com,Edward,Morris,ACTIVE,Zummacity,2180686645
ruby.stewart@gmail.com,Ruby,Stewart,ACTIVE,Tanzone,4183255538
lawrence.martinez@gmail.com,Lawrence,Martinez,ACTIVE,Via-electrics,9964754146
dave.adams@gmail.com,Dave,Adams,ACTIVE,Crystalrover,1727395906
becky.mason@gmail.com,Becky,Mason,ACTIVE,Dreambit,3578109078